{"count":1,"self":50.964835199999996,"total":51.263378599999996,"children":{"InitializeActuators":{"count":1,"self":0.0015126999999999999,"total":0.0015126999999999999,"children":null},"InitializeSensors":{"count":1,"self":0.00051289999999999994,"total":0.00051289999999999994,"children":null},"AgentSendState":{"count":2289,"self":0.0075369,"total":0.0340206,"children":{"CollectObservations":{"count":458,"self":0.021167099999999998,"total":0.021167099999999998,"children":null},"WriteActionMask":{"count":458,"self":0.00051019999999999993,"total":0.00051019999999999993,"children":null},"RequestDecision":{"count":458,"self":0.0048064,"total":0.0048064,"children":null}}},"DecideAction":{"count":2289,"self":0.16412569999999999,"total":0.16412569999999999,"children":null},"AgentAct":{"count":2289,"self":0.0978619,"total":0.0978619,"children":null}},"gauges":{"hybrid.CumulativeReward":{"count":7,"max":-11.0026083,"min":-11.0497818,"runningAverage":-11.0249109,"value":-11.0121012,"weightedAverage":-11.02585}},"metadata":{"timer_format_version":"0.1.0","start_time_seconds":"1767859594","unity_version":"6000.0.40f1","command_line_arguments":"C:\\Program Files\\Unity\\Hub\\Editor\\6000.0.40f1\\Editor\\Unity.exe -projectpath C:\\Users\\Kennceha\\Downloads\\myproject\\Thesis\\unity-ml-agent-hybrid -acceptSoftwareTermsForThisRunOnly -useHub -hubIPC -cloudEnvironment production","communication_protocol_version":"1.5.0","com.unity.ml-agents_version":"4.0.0","scene_name":"testingGround","end_time_seconds":"1767859645"}}