{"count":1,"self":61.3923712,"total":140.49982839999998,"children":{"InitializeActuators":{"count":1,"self":0.0015126999999999999,"total":0.0015126999999999999,"children":null},"InitializeSensors":{"count":1,"self":0.0015128,"total":0.0015128,"children":null},"AgentSendState":{"count":46951,"self":0.1633841,"total":0.61559849999999994,"children":{"CollectObservations":{"count":9391,"self":0.1424608,"total":0.1424608,"children":null},"WriteActionMask":{"count":9391,"self":0.0160996,"total":0.0160996,"children":null},"RequestDecision":{"count":9391,"self":0.0760227,"total":0.29365399999999997,"children":{"AgentInfo.ToProto":{"count":9391,"self":0.067103799999999991,"total":0.2176313,"children":{"GenerateSensorData":{"count":9391,"self":0.15052749999999998,"total":0.15052749999999998,"children":null}}}}}}},"DecideAction":{"count":46951,"self":77.416185599999991,"total":77.4161864,"children":null},"AgentAct":{"count":46951,"self":1.0696222,"total":1.0711264999999999,"children":{"AgentInfo.ToProto":{"count":4,"self":0,"total":0.0015042999999999999,"children":{"GenerateSensorData":{"count":4,"self":0.0015042999999999999,"total":0.0015042999999999999,"children":null}}}}},"AgentInfo.ToProto":{"count":37,"self":0,"total":0.0005002,"children":{"GenerateSensorData":{"count":37,"self":0.0005002,"total":0.0005002,"children":null}}}},"gauges":{"hybrid.CumulativeReward":{"count":41,"max":37.0937462,"min":-11.0656338,"runningAverage":9.266738,"value":37.0937462,"weightedAverage":17.3865433}},"metadata":{"timer_format_version":"0.1.0","start_time_seconds":"1767669256","unity_version":"6000.0.40f1","command_line_arguments":"C:\\Program Files\\Unity\\Hub\\Editor\\6000.0.40f1\\Editor\\Unity.exe -projectpath C:\\Download\\random\\code\\Unity\\unity-ml-agent-hybrid -acceptSoftwareTermsForThisRunOnly -useHub -hubIPC -cloudEnvironment production","communication_protocol_version":"1.5.0","com.unity.ml-agents_version":"4.0.0","scene_name":"testingGround","end_time_seconds":"1767669397"}}