{"count":1,"self":280.53880319999996,"total":854.85641409999994,"children":{"InitializeActuators":{"count":1,"self":0.0030215999999999997,"total":0.0030215999999999997,"children":null},"InitializeSensors":{"count":1,"self":0.0166756,"total":0.0166756,"children":null},"AgentSendState":{"count":294201,"self":1.2006096,"total":12.696730599999999,"children":{"CollectObservations":{"count":58841,"self":9.6248768,"total":9.6248767,"children":null},"WriteActionMask":{"count":58841,"self":0.1120188,"total":0.1120188,"children":null},"RequestDecision":{"count":58841,"self":0.43083109999999997,"total":1.7592254999999999,"children":{"AgentInfo.ToProto":{"count":58841,"self":0.3934234,"total":1.3283943999999999,"children":{"GenerateSensorData":{"count":58841,"self":0.934971,"total":0.934971,"children":null}}}}}}},"DecideAction":{"count":294201,"self":501.11621119999995,"total":501.1162232,"children":null},"AgentAct":{"count":294201,"self":60.477913599999994,"total":60.4779148,"children":null},"AgentInfo.ToProto":{"count":262,"self":0.0020134,"total":0.0065327,"children":{"GenerateSensorData":{"count":262,"self":0.0045192999999999995,"total":0.0045192999999999995,"children":null}}}},"gauges":{"hybrid.CumulativeReward":{"count":262,"max":35.3061867,"min":-13.5065622,"runningAverage":1.23071015,"value":-12.1793413,"weightedAverage":-3.59273958}},"metadata":{"timer_format_version":"0.1.0","start_time_seconds":"1767536768","unity_version":"6000.0.40f1","command_line_arguments":"C:\\Program Files\\Unity\\Hub\\Editor\\6000.0.40f1\\Editor\\Unity.exe -projectpath C:\\Download\\random\\code\\Unity\\unity-ml-agent-hybrid -acceptSoftwareTermsForThisRunOnly -useHub -hubIPC -cloudEnvironment production","communication_protocol_version":"1.5.0","com.unity.ml-agents_version":"4.0.0","scene_name":"testingGround","end_time_seconds":"1767537622"}}